{"cameraMode":{"drawMode":0,"name":"Shaded","section":"Shading Mode"},"sceneLighting":true,"audioPlay":false,"sceneViewState":{"m_AlwaysRefresh":false,"showFog":true,"showSkybox":true,"showFlares":true,"showImageEffects":true,"showParticleSystems":true,"showVisualEffectGraphs":true,"m_FxEnabled":true},"in2DMode":false,"pivot":{"x":-4.184281349182129,"y":3.6460819244384767,"z":-5.10150146484375},"rotation":{"x":-0.0069926101714372639,"y":0.9909725189208984,"z":-0.12372741103172302,"w":-0.05625163018703461},"size":2.389657735824585,"orthographic":false}