{"cameraMode":{"drawMode":0,"name":"Shaded","section":"Shading Mode"},"sceneLighting":true,"audioPlay":false,"sceneViewState":{"m_AlwaysRefresh":false,"showFog":true,"showSkybox":true,"showFlares":true,"showImageEffects":true,"showParticleSystems":true,"showVisualEffectGraphs":true,"m_FxEnabled":true},"in2DMode":false,"pivot":{"x":2.2670044898986818,"y":2.743605852127075,"z":5.916069030761719},"rotation":{"x":0.009462676011025906,"y":0.9884206652641296,"z":-0.069510817527771,"w":0.13455648720264436},"size":2.6881954669952394,"orthographic":false}