{"cameraMode":{"drawMode":0,"name":"Shaded","section":"Shading Mode"},"sceneLighting":true,"audioPlay":false,"sceneViewState":{"m_AlwaysRefresh":false,"showFog":true,"showSkybox":true,"showFlares":true,"showImageEffects":true,"showParticleSystems":true,"showVisualEffectGraphs":true,"m_FxEnabled":true},"in2DMode":false,"pivot":{"x":-26.709075927734376,"y":3.9603538513183595,"z":-22.720178604125978},"rotation":{"x":0.13355843722820283,"y":0.7467140555381775,"z":-0.15785251557826997,"w":0.6326824426651001},"size":1.2142561674118043,"orthographic":false}